firstName,lastName,email,age,vantageScore,ficoScore
Avril,Chevis,achevis0@w3.org,84,637,386
Kassi,Scotfurth,kscotfurth1@ocn.ne.jp,87,823,514
Darryl,Colville,dcolville2@e-recht24.de,20,222,212
Harold,Southworth,hsouthworth3@amazonaws.com,44,604,526
Keary,Skakunas,kskakunas4@smh.com.au,71,223,542
Daveen,Aldam,daldam5@ifeng.com,4,267,384
Ertha,Cleghorn,ecleghorn6@sitemeter.com,70,566,299
Eziechiele,Porcas,eporcas7@smugmug.com,44,333,479
Tito,Syddie,tsyddie8@answers.com,4,680,441
Elspeth,Smithyman,esmithyman9@homestead.com,21,381,442
Marie,Eymor,meymora@cafepress.com,61,819,647
Adham,Ladbrook,aladbrookb@who.int,31,741,430
Carlye,Baudinelli,cbaudinellic@loc.gov,52,391,615
Melamie,Rapin,mrapind@amazon.co.jp,21,638,492
Jerrie,Baccas,jbaccase@hugedomains.com,90,342,744
Amandi,Lunny,alunnyf@nature.com,50,719,693
Martyn,Meighan,mmeighang@yolasite.com,72,532,503
Teddie,Riolfi,triolfih@angelfire.com,30,339,842
Lesly,Font,lfonti@mashable.com,98,432,698
Farlie,Prawle,fprawlej@ftc.gov,30,826,401
Sofie,Messingham,smessinghamk@dot.gov,6,737,611
Consuela,Coe,ccoel@reddit.com,83,515,288
Brewster,Delve,bdelvem@booking.com,31,510,397
Raviv,Yanshinov,ryanshinovn@pen.io,63,681,314
Jacki,Loan,jloano@ebay.co.uk,45,583,476
Jenifer,Shovel,jshovelp@wikia.com,54,476,734
Jaclin,Seville,jsevilleq@archive.org,8,579,847
Trudi,Spaughton,tspaughtonr@blogtalkradio.com,23,720,238
Charlotte,Aulton,caultons@google.es,78,797,848
Atlanta,Boobier,aboobiert@1688.com,68,273,207
Sula,Loney,sloneyu@webnode.com,38,406,479
Denyse,Shiel,dshielv@dailymail.co.uk,37,371,748
Darcee,Rostron,drostronw@jugem.jp,91,517,588
Consuelo,McAvin,cmcavinx@cmu.edu,33,597,557
Jules,Iddon,jiddony@mashable.com,10,307,831
Ardra,Bewsy,abewsyz@toplist.cz,41,225,513
Kassie,Allard,kallard10@skyrock.com,89,485,814
Marjorie,McCready,mmccready11@slate.com,25,608,242
Bryce,Quigley,bquigley12@earthlink.net,18,495,776
Rachael,Scheffel,rscheffel13@sun.com,96,291,839
Panchito,Ganforth,pganforth14@unblog.fr,71,613,270
Marian,Barnshaw,mbarnshaw15@amazonaws.com,77,680,742
Katleen,Sapsed,ksapsed16@comsenz.com,57,323,467
Camille,Paley,cpaley17@miibeian.gov.cn,30,716,830
Korry,Pieracci,kpieracci18@google.ca,5,473,473
Renell,Rottenbury,rrottenbury19@elpais.com,58,300,588
Dall,Sabberton,dsabberton1a@hexun.com,49,273,630
Priscella,Benneyworth,pbenneyworth1b@lulu.com,76,559,778
Chadwick,Davidow,cdavidow1c@trellian.com,47,468,806
Cookie,Greenhalgh,cgreenhalgh1d@posterous.com,13,815,314
Jarib,Pay,jpay1e@sfgate.com,78,544,349
Tyler,Dearnly,tdearnly1f@dyndns.org,40,688,628
Gus,Zanutti,gzanutti1g@forbes.com,45,409,809
Lorelle,Spaldin,lspaldin1h@g.co,51,471,673
Ronnica,Hark,rhark1i@theguardian.com,95,210,254
Alphonso,Paunsford,apaunsford1j@sfgate.com,46,675,412
Reuben,Standrin,rstandrin1k@hexun.com,98,479,576
Gwenny,Colclough,gcolclough1l@google.nl,57,519,747
Melli,McDool,mmcdool1m@xrea.com,70,365,695
Tasia,Mitchel,tmitchel1n@illinois.edu,2,686,503
Joice,Manston,jmanston1o@ibm.com,95,419,206
Benetta,Tuckie,btuckie1p@prweb.com,99,688,328
Kyla,Rolfo,krolfo1q@wikispaces.com,8,808,361
Jayme,Kilby,jkilby1r@nyu.edu,54,642,548
Shelia,Eley,seley1s@youku.com,42,330,301
Frazier,Peinton,fpeinton1t@mapy.cz,92,547,254
Noni,Piatkowski,npiatkowski1u@reddit.com,97,432,211
Adelind,Daber,adaber1v@slate.com,44,489,229
Jocelyne,Kendle,jkendle1w@nyu.edu,80,611,452
Casper,Huffy,chuffy1x@vkontakte.ru,22,826,843
Kaela,Layhe,klayhe1y@cafepress.com,22,690,491
Donia,Grainger,dgrainger1z@umich.edu,72,262,800
Ernestine,Assad,eassad20@columbia.edu,94,397,375
Deeyn,Pfaff,dpfaff21@pcworld.com,59,603,351
Hadleigh,Tow,htow22@amazon.de,87,835,848
Keelia,Jiroutka,kjiroutka23@theguardian.com,78,792,526
Twila,Aime,taime24@alibaba.com,93,807,390
Armando,Killerby,akillerby25@bandcamp.com,62,767,658
Hammad,Goose,hgoose26@nbcnews.com,86,766,481
Herve,Stride,hstride27@blogs.com,60,336,546
Lucie,Sarchwell,lsarchwell28@telegraph.co.uk,84,397,714
Hiram,Petlyura,hpetlyura29@cam.ac.uk,98,622,608
Lotte,Febvre,lfebvre2a@sfgate.com,69,459,442
Philomena,Dewane,pdewane2b@xrea.com,24,436,625
Yelena,Huonic,yhuonic2c@nbcnews.com,16,344,535
Armstrong,Freeberne,afreeberne2d@blinklist.com,15,472,806
Renault,Pail,rpail2e@etsy.com,74,695,483
Harley,Connechy,hconnechy2f@dot.gov,6,649,519
Terrill,Simkiss,tsimkiss2g@tamu.edu,46,698,690
Aloin,Derges,aderges2h@biglobe.ne.jp,4,568,568
Halli,Rudsdale,hrudsdale2i@umich.edu,42,777,460
Enrico,Bostock,ebostock2j@amazon.com,65,636,726
Ralph,Wantling,rwantling2k@bigcartel.com,7,697,702
Niels,Fansy,nfansy2l@sun.com,83,315,218
Lek,Sirett,lsirett2m@etsy.com,75,729,664
Keen,Rosenblum,krosenblum2n@yellowbook.com,26,742,303
Malchy,Fairholme,mfairholme2o@nytimes.com,24,378,733
Normand,Lockner,nlockner2p@g.co,99,319,628
Barret,Spellman,bspellman2q@usa.gov,67,571,237
Flossi,Jost,fjost2r@ask.com,30,518,540
Tybalt,Schafer,tschafer2s@biblegateway.com,79,425,620
Mahalia,Matejka,mmatejka2t@myspace.com,69,443,678
Stacy,Bown,sbown2u@nba.com,85,439,770
Becka,Peerman,bpeerman2v@barnesandnoble.com,44,409,500
Kellia,Josephsen,kjosephsen2w@nydailynews.com,46,284,703
Pansy,Sandford,psandford2x@mayoclinic.com,96,535,523
Sunny,Beminster,sbeminster2y@harvard.edu,3,589,696
Darsey,Troutbeck,dtroutbeck2z@domainmarket.com,59,348,641
Frankie,Rootes,frootes30@jigsy.com,76,470,315
Gorden,Derl,gderl31@ucsd.edu,53,735,452
Fitzgerald,Drury,fdrury32@twitter.com,83,384,814
Haskel,Farrand,hfarrand33@oracle.com,100,746,358
Damaris,Capenor,dcapenor34@oakley.com,62,782,476
Leandra,Hanaby,lhanaby35@patch.com,68,429,339
Mortie,Bruckman,mbruckman36@sphinn.com,44,373,722
Kasey,Scoles,kscoles37@hibu.com,47,379,842
Herbie,Fallanche,hfallanche38@liveinternet.ru,10,291,776
Rolfe,Trengrove,rtrengrove39@yelp.com,71,655,693
Guthrie,Jessen,gjessen3a@homestead.com,46,228,684
Halie,Izen,hizen3b@sitemeter.com,19,562,439
Lenora,Oddy,loddy3c@tumblr.com,31,418,265
Trish,Poluzzi,tpoluzzi3d@amazon.de,48,530,405
Gaelan,Oles,goles3e@aboutads.info,34,532,514
Linc,Geill,lgeill3f@harvard.edu,39,836,287
Kanya,Jenkin,kjenkin3g@mail.ru,61,500,316
Birgitta,Libri,blibri3h@live.com,57,470,233
Giusto,Athey,gathey3i@twitpic.com,17,674,760
Larry,Camock,lcamock3j@foxnews.com,35,467,529
Idalia,Persse,ipersse3k@instagram.com,57,667,696
Chrysler,Wittke,cwittke3l@illinois.edu,50,458,833
Marabel,Berni,mberni3m@yandex.ru,68,313,792
Tailor,Coneau,tconeau3n@tinypic.com,99,578,277
Bradford,Hubber,bhubber3o@google.nl,72,425,669
Marget,Folliss,mfolliss3p@google.it,95,310,748
Bessy,Bowdler,bbowdler3q@g.co,3,633,383
Bondon,Aukland,baukland3r@wunderground.com,64,454,465
Jillene,Cadman,jcadman3s@aboutads.info,99,737,575
Dori,Kincade,dkincade3t@freewebs.com,21,227,605
Cazzie,Mottini,cmottini3u@mapquest.com,100,343,813
Henrietta,Jain,hjain3v@tiny.cc,65,551,244
Lorettalorna,Sailor,lsailor3w@tripod.com,99,727,503
Colan,Wasson,cwasson3x@cocolog-nifty.com,9,841,712
Corette,Krishtopaittis,ckrishtopaittis3y@myspace.com,82,256,545
Maxwell,Glossop,mglossop3z@unblog.fr,34,323,628
Wyatt,Hanrott,whanrott40@msn.com,16,465,532
Loraine,Damsell,ldamsell41@msn.com,84,687,815
Carr,Skelbeck,cskelbeck42@sohu.com,56,762,488
Chadd,Petel,cpetel43@ebay.co.uk,100,585,787
Field,Kislingbury,fkislingbury44@ebay.com,73,663,839
Doralynn,Crummey,dcrummey45@amazon.co.uk,80,513,738
Ellis,Patis,epatis46@fda.gov,98,272,471
Pascale,Najafian,pnajafian47@uol.com.br,86,664,435
Holly-anne,Braunthal,hbraunthal48@miibeian.gov.cn,45,404,335
Maurie,Bowdrey,mbowdrey49@mail.ru,95,774,461
Nadean,Ertelt,nertelt4a@ameblo.jp,16,516,397
Orelee,Fryatt,ofryatt4b@japanpost.jp,77,504,777
Husein,Foli,hfoli4c@phpbb.com,93,255,748
Saba,Summerell,ssummerell4d@ftc.gov,78,481,332
Tremain,Sailes,tsailes4e@xing.com,87,740,364
Wandie,Ibbotson,wibbotson4f@craigslist.org,49,420,783
Simonette,Fearon,sfearon4g@reference.com,64,819,759
Otis,Puttrell,oputtrell4h@surveymonkey.com,37,482,478
Dodie,Ashcroft,dashcroft4i@ucoz.com,70,525,224
Henrik,Yukhov,hyukhov4j@sogou.com,90,315,338
Faythe,Rogers,frogers4k@dagondesign.com,97,656,763
Charlton,Hambers,chambers4l@domainmarket.com,88,777,538
Silvanus,Balaisot,sbalaisot4m@yale.edu,74,226,715
Arlen,Auty,aauty4n@ustream.tv,55,623,284
Nellie,Flounders,nflounders4o@gov.uk,10,691,820
Van,O'Shiel,voshiel4p@addtoany.com,99,430,423
Wally,Bernardes,wbernardes4q@businessinsider.com,39,666,637
Charlean,Blasio,cblasio4r@patch.com,22,770,356
Amata,McTrusty,amctrusty4s@tinypic.com,55,543,262
Evan,Eastment,eeastment4t@facebook.com,42,286,567
Brianne,O'Spillane,bospillane4u@hud.gov,96,648,796
Martyn,Fideler,mfideler4v@google.cn,87,410,313
Addy,Benedyktowicz,abenedyktowicz4w@google.com.au,38,337,634
Bernadina,Studdal,bstuddal4x@topsy.com,57,447,611
Wilfred,McGeagh,wmcgeagh4y@cornell.edu,80,511,258
Yard,Halston,yhalston4z@sogou.com,22,664,421
Bel,Bhar,bbhar50@cmu.edu,46,656,248
Murdoch,Cogin,mcogin51@imageshack.us,67,322,479
Deina,Ximenez,dximenez52@github.com,86,456,738
Natala,Fackney,nfackney53@home.pl,51,349,554
Newton,Nucci,nnucci54@behance.net,18,721,791
Corrinne,Boulds,cboulds55@nyu.edu,25,339,664
Lorne,Wrates,lwrates56@xinhuanet.com,81,614,810
Bartlett,Escale,bescale57@ucsd.edu,22,363,714
Hort,Cullington,hcullington58@twitpic.com,67,622,503
Zolly,Gossage,zgossage59@gnu.org,55,607,740
Kort,Wedge,kwedge5a@seesaa.net,95,456,286
Madeline,Huckerby,mhuckerby5b@mozilla.org,96,421,312
Matthiew,Tomczykiewicz,mtomczykiewicz5c@nytimes.com,8,578,679
Alexio,Mangham,amangham5d@usnews.com,75,628,747
Blondy,Lavies,blavies5e@cnbc.com,62,609,241
Ruthanne,Galey,rgaley5f@diigo.com,39,558,457
Karine,Thibodeaux,kthibodeaux5g@taobao.com,12,342,488
Kellyann,Meadowcroft,kmeadowcroft5h@jiathis.com,78,795,213
Eliza,Cereceres,ecereceres5i@spotify.com,69,447,447
Siana,Phillimore,sphillimore5j@cdbaby.com,63,515,453
Demetri,Nehlsen,dnehlsen5k@spotify.com,82,761,264
Marika,Millott,mmillott5l@berkeley.edu,55,703,465
Clement,Beard,cbeard5m@newyorker.com,98,333,621
Jerrine,Astlett,jastlett5n@boston.com,95,494,732
Kynthia,Plaskitt,kplaskitt5o@flavors.me,48,636,836
Lacee,Tillyer,ltillyer5p@telegraph.co.uk,4,850,448
Codie,Brahams,cbrahams5q@wordpress.com,76,484,235
Ame,Banasiak,abanasiak5r@ask.com,48,842,728
Rheba,MacGibbon,rmacgibbon5s@simplemachines.org,49,842,723
Nichols,Mation,nmation5t@sina.com.cn,40,358,757
Othello,Mallen,omallen5u@vinaora.com,27,527,484
Bertie,Fabler,bfabler5v@auda.org.au,52,783,256
Gualterio,Ambler,gambler5w@nasa.gov,62,535,533
Jodee,Macoun,jmacoun5x@go.com,63,307,284
Milton,Jeffcoat,mjeffcoat5y@shinystat.com,87,246,337
Sherri,Harcase,sharcase5z@icq.com,57,350,600
Burnaby,Shellibeer,bshellibeer60@weather.com,13,329,850
Welby,Quittonden,wquittonden61@opera.com,59,659,390
Allen,Ferrini,aferrini62@livejournal.com,73,500,258
Domingo,MacCurlye,dmaccurlye63@csmonitor.com,27,326,570
Mabel,Charnock,mcharnock64@themeforest.net,48,729,423
Gilberte,Elsmere,gelsmere65@uiuc.edu,26,564,669
Garry,Arrell,garrell66@earthlink.net,79,296,478
Babbette,Espin,bespin67@vimeo.com,3,270,661
Charleen,Wheway,cwheway68@slashdot.org,73,287,341
Walsh,Tredinnick,wtredinnick69@springer.com,52,325,495
Lindi,Rexworthy,lrexworthy6a@photobucket.com,8,380,814
Aili,Herche,aherche6b@addtoany.com,75,398,824
Gerrilee,Fairpo,gfairpo6c@tumblr.com,75,502,241
Eddy,Moles,emoles6d@angelfire.com,72,454,805
Vidovik,Heistermann,vheistermann6e@eepurl.com,36,243,348
Julianne,McCalum,jmccalum6f@mac.com,67,838,704
Scott,Maus,smaus6g@people.com.cn,42,467,257
Woodrow,De Launde,wdelaunde6h@rakuten.co.jp,41,712,289
Martina,Kesby,mkesby6i@admin.ch,61,559,828
Stanly,Taynton,staynton6j@studiopress.com,26,706,769
Correy,Harverson,charverson6k@va.gov,64,776,248
Gillian,Deeks,gdeeks6l@tuttocitta.it,80,742,303
Torrence,McColley,tmccolley6m@nydailynews.com,24,356,386
Wini,Northeast,wnortheast6n@prweb.com,67,393,687
Tan,Gilbane,tgilbane6o@studiopress.com,88,574,444
Tammi,Gilogly,tgilogly6p@about.com,39,296,707
Felice,Bootherstone,fbootherstone6q@intel.com,56,381,761
Leigh,Shawel,lshawel6r@facebook.com,39,303,453
Leelah,Lindro,llindro6s@discuz.net,27,749,541
Artie,Phillcock,aphillcock6t@eventbrite.com,33,632,218
Zonnya,Assaf,zassaf6u@deliciousdays.com,57,307,549
Keelia,Risman,krisman6v@go.com,11,589,401
Laryssa,Stoker,lstoker6w@jigsy.com,6,320,710
Horacio,Glyn,hglyn6x@cnbc.com,39,271,630
Vincent,Danit,vdanit6y@constantcontact.com,85,380,534
Keane,Smickle,ksmickle6z@tuttocitta.it,98,584,661
Rance,Hulme,rhulme70@nasa.gov,50,499,374
Caesar,Marshal,cmarshal71@unicef.org,3,503,429
Fletch,Cattemull,fcattemull72@hud.gov,87,536,616
Aggy,Huban,ahuban73@sciencedaily.com,18,609,445
Itch,Seater,iseater74@prlog.org,29,364,431
Kat,Brimner,kbrimner75@hc360.com,87,402,626
Isobel,Guerrier,iguerrier76@mac.com,65,332,398
Matti,Earey,mearey77@marriott.com,89,419,203
Jan,Maxwell,jmaxwell78@uol.com.br,13,465,339
Harlen,Plett,hplett79@godaddy.com,3,837,794
Darla,Clavey,dclavey7a@who.int,56,373,610
Annette,Dennant,adennant7b@scientificamerican.com,61,648,453
Coleen,Manjot,cmanjot7c@creativecommons.org,89,747,729
Christos,Merrison,cmerrison7d@mozilla.org,10,362,265
Rafa,Reynoollds,rreynoollds7e@lulu.com,20,299,771
Ruthann,Shrubshall,rshrubshall7f@ebay.com,41,359,534
Misty,Hartgill,mhartgill7g@patch.com,77,579,253
Carmelina,Dayly,cdayly7h@rakuten.co.jp,28,245,759
Una,Hyslop,uhyslop7i@narod.ru,40,655,450
Onida,Ginnaly,oginnaly7j@odnoklassniki.ru,59,427,438
Dierdre,Grealy,dgrealy7k@diigo.com,64,833,212
Gasparo,Brewers,gbrewers7l@godaddy.com,89,298,736
Bartlett,Gerrey,bgerrey7m@parallels.com,89,649,284
Nollie,Mallinder,nmallinder7n@ibm.com,56,605,405
Ann-marie,Manterfield,amanterfield7o@craigslist.org,70,403,399
Andree,Lansdale,alansdale7p@bbb.org,32,383,418
Tobiah,Matteucci,tmatteucci7q@businessweek.com,95,833,394
Karney,Crush,kcrush7r@phoca.cz,46,460,217
Mair,Antonoczyk,mantonoczyk7s@npr.org,78,382,265
Jannel,Eminson,jeminson7t@bbc.co.uk,71,278,782
Thatch,Elgy,telgy7u@hugedomains.com,75,802,208
Zedekiah,Guisot,zguisot7v@time.com,83,788,831
Beverlie,Larroway,blarroway7w@blinklist.com,52,346,535
Cora,Weekley,cweekley7x@qq.com,84,226,750
Athene,Kops,akops7y@ed.gov,84,459,725
Cleopatra,McKag,cmckag7z@oaic.gov.au,100,836,586
Brig,Wooler,bwooler80@paginegialle.it,81,392,308
Franky,Gariff,fgariff81@google.com.au,28,399,252
Jaimie,Gostage,jgostage82@howstuffworks.com,52,538,362
Morie,Dyet,mdyet83@wisc.edu,68,563,440
Adlai,Ralestone,aralestone84@constantcontact.com,7,342,801
Tracee,Mishow,tmishow85@utexas.edu,99,285,635
Britt,Wagge,bwagge86@dailymail.co.uk,74,373,336
Mathew,Walling,mwalling87@blinklist.com,28,605,809
Saudra,Tuplin,stuplin88@drupal.org,54,562,235
Meghann,Cuskery,mcuskery89@intel.com,12,204,772
Ondrea,Rickson,orickson8a@multiply.com,76,523,584
Elvina,Dmtrovic,edmtrovic8b@lulu.com,61,768,647
Eimile,Velte,evelte8c@paginegialle.it,56,709,681
Parsifal,Rowat,prowat8d@wikipedia.org,1,711,692
Reece,Borkett,rborkett8e@theguardian.com,100,817,417
Rafaelita,Malletratt,rmalletratt8f@opera.com,25,380,257
Maggee,Holdren,mholdren8g@infoseek.co.jp,64,321,528
Kass,Blincow,kblincow8h@reverbnation.com,53,642,770
Maximo,Brede,mbrede8i@hostgator.com,23,755,295
Rogers,Rulten,rrulten8j@ovh.net,11,622,559
Antonietta,Lampet,alampet8k@dailymail.co.uk,88,486,613
Neda,Lambrechts,nlambrechts8l@naver.com,17,335,317
Candice,Lieb,clieb8m@mac.com,11,387,261
Aubine,Behagg,abehagg8n@trellian.com,85,226,327
Shellysheldon,Brome,sbrome8o@issuu.com,19,589,460
Uri,Salomon,usalomon8p@multiply.com,80,238,669
Cortie,Sanpher,csanpher8q@pen.io,64,586,439
Webster,McNae,wmcnae8r@plala.or.jp,52,384,655
Nikki,Recher,nrecher8s@virginia.edu,63,557,259
Orin,De Anesy,odeanesy8t@g.co,44,246,474
Renell,Rowland,rrowland8u@qq.com,94,762,338
Isac,Toler,itoler8v@va.gov,4,389,437
Kelsy,Ruperti,kruperti8w@unc.edu,76,403,302
Bren,Kilsby,bkilsby8x@unc.edu,70,665,317
Sally,Dee,sdee8y@wordpress.org,67,229,751
Gerhard,Spolton,gspolton8z@yahoo.co.jp,100,366,736
Elsbeth,Antrim,eantrim90@icio.us,9,282,266
Maurice,Glader,mglader91@wsj.com,77,773,293
Agnes,Sellen,asellen92@slideshare.net,25,331,703
Ramonda,Gledstane,rgledstane93@yandex.ru,23,235,672
Avram,Berthon,aberthon94@51.la,16,561,778
Domenico,Sloan,dsloan95@reverbnation.com,86,318,464
Chad,McAusland,cmcausland96@ed.gov,25,532,720
Emmit,Bartolozzi,ebartolozzi97@deliciousdays.com,20,487,615
Alberik,Jakeway,ajakeway98@topsy.com,40,338,492
Janeczka,Yankishin,jyankishin99@myspace.com,92,255,470
Christine,Kiehl,ckiehl9a@imageshack.us,81,745,364
Alanson,MacFarlan,amacfarlan9b@amazon.de,47,301,761
Barbie,Dorton,bdorton9c@gizmodo.com,11,221,560
Tadeo,Philliskirk,tphilliskirk9d@qq.com,86,350,729
Beatrice,Hayley,bhayley9e@ifeng.com,49,717,646
Barbra,Grieve,bgrieve9f@globo.com,4,461,369
Cad,Machent,cmachent9g@elegantthemes.com,37,396,397
Creighton,McLoney,cmcloney9h@163.com,11,494,358
Ariella,Balaison,abalaison9i@archive.org,73,744,675
Jacquie,Calley,jcalley9j@umich.edu,68,550,762
Ailee,Ziehm,aziehm9k@narod.ru,16,227,482
Andi,Sharma,asharma9l@xing.com,59,452,465
Athena,Hoovart,ahoovart9m@theguardian.com,31,736,594
Peria,Frapwell,pfrapwell9n@ed.gov,32,759,688
Alva,Lamanby,alamanby9o@bandcamp.com,93,230,260
Trent,Grahamslaw,tgrahamslaw9p@java.com,66,560,600
Kali,Weatherburn,kweatherburn9q@mapquest.com,24,306,440
Brantley,Cettell,bcettell9r@acquirethisname.com,24,385,440
Kathy,Insall,kinsall9s@cafepress.com,41,820,733
Thoma,Alcoran,talcoran9t@mlb.com,14,636,553
Alric,Anand,aanand9u@youtu.be,55,452,553
Wilie,Imesen,wimesen9v@zimbio.com,14,208,586
Calvin,Bamlet,cbamlet9w@gravatar.com,48,649,799
Mureil,Lobe,mlobe9x@slate.com,32,521,591
Merola,Exon,mexon9y@mediafire.com,15,423,746
Holt,Martinovic,hmartinovic9z@cbslocal.com,60,804,378
Emmaline,Steels,esteelsa0@mtv.com,29,338,640
Esra,Blackmuir,eblackmuira1@360.cn,60,650,547
Cosmo,Getley,cgetleya2@va.gov,60,645,763
Maddie,Minors,mminorsa3@sogou.com,52,215,346
Karon,Gaitskill,kgaitskilla4@vkontakte.ru,33,481,299
Reilly,Feldman,rfeldmana5@goo.gl,20,847,352
Marlin,Babinski,mbabinskia6@abc.net.au,63,553,733
Lonnie,Kleinmintz,lkleinmintza7@mlb.com,81,710,599
Desmund,Apedaile,dapedailea8@independent.co.uk,82,393,646
Sal,Scorey,sscoreya9@pen.io,63,432,341
Sheridan,Penticost,spenticostaa@bigcartel.com,25,251,368
Darcy,Eaglesham,deagleshamab@oracle.com,23,390,774
Melosa,McDougal,mmcdougalac@msn.com,89,366,835
Jeffy,Ream,jreamad@elegantthemes.com,4,817,589
Melitta,Edards,medardsae@usda.gov,22,566,227
Miranda,Bellenie,mbellenieaf@prlog.org,100,545,672
Brianne,Zmitrovich,bzmitrovichag@sciencedirect.com,99,755,259
Caldwell,Abbott,cabbottah@xing.com,86,369,587
Karlyn,Glossop,kglossopai@un.org,36,675,371
Celisse,Hadfield,chadfieldaj@sakura.ne.jp,11,481,796
Son,Abazi,sabaziak@google.com.au,43,759,362
Lorens,Smithin,lsmithinal@home.pl,30,796,462
Arron,Crady,acradyam@seesaa.net,45,441,777
Rozanne,Drewery,rdreweryan@tuttocitta.it,76,718,728
Ringo,O'Sheils,rosheilsao@hostgator.com,27,682,328
Ruthi,Treen,rtreenap@marriott.com,94,840,669
Harley,Giabuzzi,hgiabuzziaq@blogtalkradio.com,32,644,326
Lenka,Moulton,lmoultonar@eventbrite.com,23,239,713
Lenard,Pettko,lpettkoas@google.com.br,51,273,703
Abra,De Bell,adebellat@biblegateway.com,37,523,450
Burty,Mangeney,bmangeneyau@umn.edu,39,820,834
Lin,Mulheron,lmulheronav@unblog.fr,95,718,763
Kermit,Blakeborough,kblakeboroughaw@china.com.cn,29,307,775
Sullivan,Salvadori,ssalvadoriax@deviantart.com,38,428,835
Phineas,Ashment,pashmentay@weather.com,39,791,549
Falito,de Villier,fdevillieraz@icq.com,80,840,231
Courtnay,Chambers,cchambersb0@nasa.gov,35,564,601
Danyette,Witcombe,dwitcombeb1@wufoo.com,77,416,272
Abigale,Flatt,aflattb2@about.me,34,237,216
Horten,Togher,htogherb3@slashdot.org,40,393,221
Geno,Magee,gmageeb4@slideshare.net,2,560,559
Arlin,Patershall,apatershallb5@europa.eu,19,336,829
Thomasine,Blastock,tblastockb6@oakley.com,90,412,433
Elna,Haffard,ehaffardb7@chronoengine.com,92,678,805
Kristan,Duly,kdulyb8@fema.gov,84,731,632
Dorey,Cleyburn,dcleyburnb9@goo.gl,90,625,367
Carita,Pitway,cpitwayba@issuu.com,12,680,474
Chrysa,Coytes,ccoytesbb@washington.edu,22,590,605
Michal,McGready,mmcgreadybc@time.com,4,488,394
Inness,Will,iwillbd@booking.com,42,289,263
Brandais,Lehon,blehonbe@si.edu,9,229,283
Niki,Behne,nbehnebf@sbwire.com,97,201,475
Billi,Castanie,bcastaniebg@flavors.me,38,690,419
Alysa,Rosario,arosariobh@storify.com,49,247,634
Lani,Pren,lprenbi@reference.com,29,425,705
Karl,Pingstone,kpingstonebj@jiathis.com,25,691,447
Mary,Castagnet,mcastagnetbk@java.com,12,772,719
Laverna,Domsalla,ldomsallabl@ebay.com,56,755,312
Jodie,Proschek,jproschekbm@mozilla.com,44,694,718
Westley,Tommei,wtommeibn@prnewswire.com,16,406,550
Juana,Dealy,jdealybo@washingtonpost.com,51,437,781
Winnifred,Gurys,wgurysbp@plala.or.jp,4,676,770
Berry,Benninger,bbenningerbq@friendfeed.com,98,647,747
Carol-jean,Sneyd,csneydbr@plala.or.jp,13,832,370
Vernice,Gater,vgaterbs@unicef.org,13,562,269
Ally,Torregiani,atorregianibt@php.net,44,755,844
Nani,Hunting,nhuntingbu@uol.com.br,7,700,566
Virginia,Grafton-Herbert,vgraftonherbertbv@shinystat.com,8,626,716
Sophronia,Coddrington,scoddringtonbw@photobucket.com,91,836,778
Maddy,Gallico,mgallicobx@google.ru,35,390,804
Leonie,Britto,lbrittoby@cafepress.com,20,472,331
Burtie,Fike,bfikebz@latimes.com,29,598,208
Wenda,Bramhill,wbramhillc0@sogou.com,48,335,829
Meier,Morewood,mmorewoodc1@photobucket.com,10,373,534
Algernon,Headings,aheadingsc2@narod.ru,68,372,367
Mitch,Lippi,mlippic3@dell.com,27,623,648
Millard,Yashaev,myashaevc4@time.com,100,429,642
Bennie,Hodgets,bhodgetsc5@unicef.org,20,373,477
Katalin,Cunniffe,kcunniffec6@squarespace.com,2,566,492
Hirsch,Colston,hcolstonc7@theatlantic.com,76,828,570
Minetta,Fintoph,mfintophc8@tumblr.com,36,209,430
Evangeline,Cobden,ecobdenc9@surveymonkey.com,15,606,585
Man,O' Quirk,moquirkca@netscape.com,1,759,573
Amie,Greenfield,agreenfieldcb@com.com,64,446,593
Carroll,MacMarcuis,cmacmarcuiscc@parallels.com,57,683,410
Hermann,Houseago,hhouseagocd@multiply.com,6,836,713
Pall,Budgen,pbudgence@telegraph.co.uk,48,797,211
Sebastian,Thicking,sthickingcf@unblog.fr,61,738,296
Lanna,Roads,lroadscg@t-online.de,35,576,742
Andromache,Broscombe,abroscombech@businesswire.com,42,437,656
Edee,Kainz,ekainzci@alibaba.com,14,713,517
Sergent,Brobyn,sbrobyncj@parallels.com,61,791,427
Hakim,Campkin,hcampkinck@uiuc.edu,53,813,685
Genovera,Morrowe,gmorrowecl@washingtonpost.com,32,526,611
Dixie,Fludgate,dfludgatecm@google.co.uk,14,774,398
Flor,Kinmond,fkinmondcn@simplemachines.org,7,281,822
Gert,Caffery,gcafferyco@friendfeed.com,56,536,377
Hakeem,Norree,hnorreecp@drupal.org,23,591,305
Frederic,Synan,fsynancq@sun.com,28,401,497
Ricky,Lindemann,rlindemanncr@businesswire.com,45,587,306
Minetta,Keys,mkeyscs@army.mil,42,248,279
Mead,Covill,mcovillct@hibu.com,84,399,626
Else,Bartens,ebartenscu@joomla.org,46,313,624
Suellen,Angelo,sangelocv@amazon.de,29,477,670
Marvin,Muckleston,mmucklestoncw@wix.com,86,564,464
Ephrayim,Prazer,eprazercx@google.com.hk,5,425,448
Elysee,Franzen,efranzency@whitehouse.gov,58,479,662
Cointon,Febvre,cfebvrecz@lulu.com,32,644,796
Elton,Denekamp,edenekampd0@live.com,19,322,817
Tuckie,Coil,tcoild1@arstechnica.com,56,448,529
Cullie,Beardsdale,cbeardsdaled2@nationalgeographic.com,41,393,533
Marcy,O'Donegan,modonegand3@lycos.com,66,346,833
Irvin,Upjohn,iupjohnd4@wikia.com,15,464,830
Daryl,Southcoat,dsouthcoatd5@yellowpages.com,14,370,788
Tina,Deppe,tdepped6@netvibes.com,38,365,688
Denver,Mitro,dmitrod7@yahoo.co.jp,52,718,413
Staford,Crayker,scraykerd8@booking.com,82,513,525
Danica,Darco,ddarcod9@ycombinator.com,42,519,271
Pauline,Nixon,pnixonda@1688.com,72,220,758
Shandie,Kewish,skewishdb@google.co.jp,96,803,796
Valaria,Haukey,vhaukeydc@google.cn,36,515,649
Andrej,Siaspinski,asiaspinskidd@fc2.com,63,291,685
Lanita,Gives,lgivesde@virginia.edu,32,505,205
Price,Beynkn,pbeynkndf@github.com,33,698,247
Charleen,Ferris,cferrisdg@harvard.edu,64,269,569
Kore,Mingo,kmingodh@newyorker.com,69,540,613
Ambros,Corkish,acorkishdi@multiply.com,64,615,825
Hannie,Pollins,hpollinsdj@buzzfeed.com,15,576,335
Pierson,Woolforde,pwoolfordedk@elpais.com,100,285,751
Cletus,Kynson,ckynsondl@bigcartel.com,99,632,381
Delphinia,Harbor,dharbordm@gravatar.com,68,679,408
Giustino,Mountstephen,gmountstephendn@businesswire.com,62,432,630
Vina,Flecknoe,vflecknoedo@apache.org,68,677,345
Maurizia,Abelov,mabelovdp@drupal.org,80,527,468
Minny,Cluet,mcluetdq@ihg.com,28,581,584
Kaleb,Chartres,kchartresdr@google.cn,19,812,420
Irv,Lennard,ilennardds@weibo.com,3,261,440
Tonnie,Phillis,tphillisdt@imageshack.us,25,359,666
Cathi,Donohue,cdonohuedu@istockphoto.com,89,200,835
Mollie,Sweetmore,msweetmoredv@va.gov,23,711,412
Jeralee,Anlay,janlaydw@t-online.de,89,227,242
Hattie,Trillo,htrillodx@yahoo.co.jp,23,591,381
Ephrem,Palmby,epalmbydy@miitbeian.gov.cn,71,558,619
Mia,Toffano,mtoffanodz@soundcloud.com,97,343,753
Hazel,Ackers,hackerse0@digg.com,92,781,475
Doro,Serle,dserlee1@bravesites.com,94,360,707
Noelyn,Hek,nheke2@geocities.com,65,507,258
Bentlee,Kaplin,bkapline3@mapy.cz,86,833,701
Alasteir,O'Rodane,aorodanee4@whitehouse.gov,12,761,710
Torrence,McMeanma,tmcmeanmae5@columbia.edu,23,625,355
Sisile,Hayhoe,shayhoee6@irs.gov,98,693,393
Jasmin,Westcarr,jwestcarre7@hhs.gov,96,692,422
Reinald,McDonagh,rmcdonaghe8@naver.com,98,393,206
Blaire,Gabe,bgabee9@gmpg.org,35,361,346
Hailey,Titlow,htitlowea@paypal.com,38,303,283
Nollie,McConaghy,nmcconaghyeb@parallels.com,72,609,450
Pepi,Kurth,pkurthec@amazonaws.com,2,538,541
Rogerio,Euler,reulered@imdb.com,35,507,689
Ali,Bernaldez,abernaldezee@prnewswire.com,4,487,285
Johnny,Phlipon,jphliponef@time.com,19,263,396
Bette-ann,Syseland,bsyselandeg@nature.com,46,534,326
Rebekkah,Westoll,rwestolleh@spiegel.de,88,333,220
Georges,Snoxill,gsnoxillei@g.co,87,449,659
Anastasia,Marley,amarleyej@ucoz.ru,18,221,358
Heinrik,Hawkett,hhawkettek@senate.gov,31,581,422
Granville,Scholefield,gscholefieldel@irs.gov,12,393,434
Chuck,Chipperfield,cchipperfieldem@about.me,75,281,494
Danit,Opy,dopyen@jigsy.com,41,262,220
Vincent,Ciani,vcianieo@soup.io,59,764,664
Addie,Sherrell,asherrellep@dailymail.co.uk,6,725,788
Lisetta,Anders,landerseq@blinklist.com,7,352,417
Josee,Blunden,jblundener@netlog.com,64,216,433
Briant,Nealy,bnealyes@mapquest.com,98,296,818
Meredith,Echallie,mechallieet@seattletimes.com,57,760,220
Devondra,Horsburgh,dhorsburgheu@opera.com,10,689,796
Tybalt,Alywen,talywenev@tmall.com,75,692,838
Desmund,Cran,dcranew@elegantthemes.com,70,451,738
Marna,Bosma,mbosmaex@addtoany.com,91,725,206
Brittaney,Youde,byoudeey@wunderground.com,51,776,714
Manya,Blumsom,mblumsomez@vkontakte.ru,74,576,774
Rad,Mourge,rmourgef0@imgur.com,66,342,679
Mikaela,Diggin,mdigginf1@yelp.com,20,612,720
Bunnie,Ludy,bludyf2@weather.com,92,546,848
Waldemar,Westberg,wwestbergf3@cargocollective.com,48,517,379
Cass,Phipard-Shears,cphipardshearsf4@irs.gov,29,618,841
Sibel,Osgerby,sosgerbyf5@timesonline.co.uk,75,460,308
Lacey,MacSporran,lmacsporranf6@constantcontact.com,36,417,336
Cam,Sarre,csarref7@columbia.edu,84,587,528
Jemmie,Rhubottom,jrhubottomf8@house.gov,84,252,578
Robenia,Hindsberg,rhindsbergf9@ox.ac.uk,23,396,801
Joyce,Kolak,jkolakfa@php.net,49,540,594
Adelaide,Rodriguez,arodriguezfb@fda.gov,40,523,807
Marilee,Luckcuck,mluckcuckfc@indiatimes.com,9,584,504
Lynne,Tetford,ltetfordfd@hugedomains.com,47,316,757
Addy,Culross,aculrossfe@cnet.com,29,802,620
Boony,Tunmore,btunmoreff@delicious.com,87,331,688
Zelma,Cromley,zcromleyfg@sciencedaily.com,75,218,509
Judie,Schiefersten,jschieferstenfh@pbs.org,77,741,242
Joby,Rollinson,jrollinsonfi@soup.io,15,804,479
Virgil,Braban,vbrabanfj@mapquest.com,32,470,514
Muire,Thackston,mthackstonfk@cbc.ca,69,442,275
Karyn,Barnshaw,kbarnshawfl@joomla.org,62,385,336
Berny,Everil,beverilfm@fc2.com,2,203,250
Roman,Collymore,rcollymorefn@smh.com.au,6,551,279
Hallie,Daines,hdainesfo@cnet.com,36,306,225
Devonna,Golden of Ireland,dgoldenofirelandfp@kickstarter.com,61,409,432
Rica,Slade,rsladefq@alexa.com,62,211,418
Wallis,Liffe,wliffefr@wiley.com,74,501,229
Xavier,Grimwade,xgrimwadefs@cbsnews.com,41,638,222
Demetria,Kilbourn,dkilbournft@china.com.cn,81,333,493
Orlan,Koppens,okoppensfu@mashable.com,7,812,738
Alleen,Gridon,agridonfv@go.com,36,274,262
Saba,Menauteau,smenauteaufw@ted.com,90,445,681
Adrienne,Greatbach,agreatbachfx@phoca.cz,78,638,825
Guido,Hellsdon,ghellsdonfy@miitbeian.gov.cn,57,780,609
Johna,Middleditch,jmiddleditchfz@over-blog.com,63,681,782
Maynard,Calton,mcaltong0@qq.com,70,214,702
Chrissy,Sherratt,csherrattg1@howstuffworks.com,59,495,845
Jareb,Gritland,jgritlandg2@devhub.com,82,591,434
Gwenneth,Readmire,greadmireg3@chicagotribune.com,67,718,825
Alia,Jacquemet,ajacquemetg4@webeden.co.uk,60,647,765
Cathrine,Jeaneau,cjeaneaug5@fastcompany.com,12,348,666
Ashlin,Kuban,akubang6@businessweek.com,55,271,296
Shamus,Barabich,sbarabichg7@cocolog-nifty.com,82,842,274
Fionna,Curdell,fcurdellg8@cbslocal.com,50,483,344
Lura,Peek,lpeekg9@stanford.edu,37,827,460
Rheta,Shearsby,rshearsbyga@webmd.com,81,256,278
Aryn,McKim,amckimgb@mapquest.com,86,554,317
Marge,Birchett,mbirchettgc@flavors.me,13,513,665
Kare,Quickfall,kquickfallgd@fastcompany.com,69,263,531
Jilli,Kewish,jkewishge@gnu.org,41,292,299
Latrina,Parcall,lparcallgf@wikispaces.com,90,377,842
Al,Thumim,athumimgg@zdnet.com,4,444,661
Pearce,Leighton,pleightongh@army.mil,26,408,847
Etienne,Emmins,eemminsgi@slate.com,77,292,673
Ahmed,Frowd,afrowdgj@army.mil,94,603,439
Peadar,Jeacocke,pjeacockegk@uiuc.edu,95,273,481
Keely,Lambard,klambardgl@who.int,66,441,430
Ahmad,Spargo,aspargogm@canalblog.com,95,202,663
Julius,Mathivon,jmathivongn@npr.org,41,223,332
Lorain,Yackiminie,lyackiminiego@oracle.com,57,289,432
Laurens,Wingham,lwinghamgp@ning.com,64,845,844
Iona,Longridge,ilongridgegq@edublogs.org,23,356,605
Aubree,Whorf,awhorfgr@issuu.com,87,484,249
Tann,Molnar,tmolnargs@ning.com,4,815,736
Woodie,Jirak,wjirakgt@phoca.cz,1,347,306
Chickie,Quilligan,cquilligangu@1688.com,84,585,540
Eadith,MacGettigen,emacgettigengv@usa.gov,45,623,460
Tomaso,Thews,tthewsgw@howstuffworks.com,49,826,409
Clerissa,Knyvett,cknyvettgx@washingtonpost.com,57,834,700
Humfried,Borrett,hborrettgy@booking.com,5,809,231
Paola,Girodin,pgirodingz@gov.uk,25,636,680
Lavinia,Rymour,lrymourh0@chicagotribune.com,60,820,613
Adrian,Vanyukov,avanyukovh1@ihg.com,39,562,807
Carmine,Eblein,cebleinh2@google.co.jp,12,417,752
Warren,Monahan,wmonahanh3@bravesites.com,62,841,413
Spike,Phalp,sphalph4@paginegialle.it,98,233,377
Tarah,Skrines,tskrinesh5@is.gd,27,460,497
Amery,Agney,aagneyh6@a8.net,93,414,398
Bertram,Bellie,bbellieh7@cbsnews.com,84,412,836
Claudina,Larmouth,clarmouthh8@mlb.com,54,203,453
Reamonn,Kerfut,rkerfuth9@engadget.com,25,758,281
Aurea,Golt,agoltha@wunderground.com,54,224,845
Michele,Haddock,mhaddockhb@reverbnation.com,96,610,710
Lynna,Farres,lfarreshc@devhub.com,86,321,250
Starlene,Velareal,svelarealhd@washingtonpost.com,53,228,819
Gerrard,Bodega,gbodegahe@etsy.com,64,536,555
Darius,Blankau,dblankauhf@people.com.cn,29,455,611
Davina,Ghelardoni,dghelardonihg@miibeian.gov.cn,94,608,401
Freddie,Wasylkiewicz,fwasylkiewiczhh@home.pl,100,371,646
Madlin,Skuse,mskusehi@slate.com,29,530,477
Markos,Strut,mstruthj@uiuc.edu,24,409,592
Jacquelin,Poles,jpoleshk@paypal.com,88,453,449
Rafael,Burel,rburelhl@networkadvertising.org,6,789,593
Burty,Snelson,bsnelsonhm@nytimes.com,20,366,552
Veronique,Davana,vdavanahn@twitpic.com,5,214,217
Lonny,Kinnier,lkinnierho@unblog.fr,81,525,394
Carlina,Bletsor,cbletsorhp@w3.org,12,530,570
Ettie,Cristofvao,ecristofvaohq@ed.gov,56,814,554
Wendeline,Gotmann,wgotmannhr@goo.ne.jp,42,550,498
Saidee,Faichnie,sfaichniehs@cmu.edu,43,312,762
Chanda,Beat,cbeatht@devhub.com,19,829,545
Di,Corley,dcorleyhu@tinypic.com,65,239,505
Maurizia,Jelk,mjelkhv@themeforest.net,47,225,337
Korella,McLaverty,kmclavertyhw@fc2.com,38,247,377
Helge,Northley,hnorthleyhx@canalblog.com,71,767,808
Zacharie,Penk,zpenkhy@shinystat.com,24,642,811
Krista,Walsh,kwalshhz@facebook.com,88,617,658
Marnia,Enden,mendeni0@geocities.com,19,827,352
Aldridge,Grzelewski,agrzelewskii1@wikispaces.com,99,762,442
Ingelbert,Foad,ifoadi2@google.it,88,572,576
Montgomery,Mortlock,mmortlocki3@liveinternet.ru,9,222,709
Lorilee,Whear,lwheari4@arstechnica.com,47,296,210
Northrop,Clayfield,nclayfieldi5@abc.net.au,46,747,476
Stephana,Elijah,selijahi6@ca.gov,12,835,231
Koral,Lyford,klyfordi7@washingtonpost.com,89,685,438
Marline,Kenna,mkennai8@marketwatch.com,14,266,666
Delaney,De Coursey,ddecourseyi9@ycombinator.com,76,313,283
Broddie,Kemmish,bkemmishia@privacy.gov.au,71,337,285
Verne,Hatto,vhattoib@uiuc.edu,16,822,262
Ambros,Sylvaine,asylvaineic@joomla.org,53,682,484
Catha,Bish,cbishid@newyorker.com,60,316,772
Etty,Itskovitz,eitskovitzie@thetimes.co.uk,98,325,597
Alfonse,Commings,acommingsif@flavors.me,73,203,782
Morten,Eaglesham,meagleshamig@tripadvisor.com,62,730,213
Elston,Aindrais,eaindraisih@bloglines.com,65,733,489
Jarrett,Plenderleith,jplenderleithii@mysql.com,22,202,792
Stuart,Dunderdale,sdunderdaleij@chicagotribune.com,69,790,644
Sibyl,Ander,sanderik@hexun.com,86,482,374
Georas,Doohey,gdooheyil@sina.com.cn,41,574,234
Ellerey,Rowlin,erowlinim@storify.com,82,770,580
Peria,Maasz,pmaaszin@arstechnica.com,30,521,414
Zak,Fraschetti,zfraschettiio@qq.com,36,689,583
Ingrim,Hendrix,ihendrixip@army.mil,88,307,276
Cahra,Marzellano,cmarzellanoiq@gov.uk,64,307,349
Dougie,Bisseker,dbissekerir@ebay.com,47,411,407
Jilleen,Mimmack,jmimmackis@w3.org,52,326,352
Paton,Proud,pproudit@goodreads.com,1,716,459
Codi,Nares,cnaresiu@google.com.au,43,545,205
Gus,Lade,gladeiv@spiegel.de,100,247,402
Bryna,Thorneloe,bthorneloeiw@barnesandnoble.com,22,806,439
Burr,Raddish,braddishix@pen.io,13,841,333
Amandy,Diche,adicheiy@si.edu,9,372,461
Christian,Rosenbusch,crosenbuschiz@hao123.com,68,746,782
Hervey,Earthfield,hearthfieldj0@bluehost.com,91,409,206
Virgilio,McBlain,vmcblainj1@nasa.gov,62,259,504
Renelle,Keniwell,rkeniwellj2@tamu.edu,85,413,640
Winnifred,Pavis,wpavisj3@symantec.com,90,574,500
Cullen,Delafont,cdelafontj4@tripadvisor.com,7,621,731
Xenia,Magill,xmagillj5@yellowbook.com,72,695,647
Michel,Samuel,msamuelj6@ycombinator.com,20,594,410
Avram,Jannings,ajanningsj7@woothemes.com,64,731,298
Wynn,Tarborn,wtarbornj8@spiegel.de,9,216,746
Mureil,Shergold,mshergoldj9@wikispaces.com,57,464,469
Minerva,Baike,mbaikeja@cdbaby.com,73,458,789
Thibaud,Francino,tfrancinojb@dion.ne.jp,26,499,200
Agnese,Chalcraft,achalcraftjc@ebay.com,1,378,229
Dacie,Norcott,dnorcottjd@pbs.org,31,600,571
Ondrea,Lander,olanderje@latimes.com,51,599,835
Rozina,Carville,rcarvillejf@smugmug.com,57,719,205
Paddy,Cassius,pcassiusjg@house.gov,43,777,722
Erie,Dennis,edennisjh@psu.edu,90,477,545
Yanaton,Siemianowicz,ysiemianowiczji@gov.uk,87,643,368
Lauritz,Marsie,lmarsiejj@ycombinator.com,3,523,305
Genevra,Tower,gtowerjk@ca.gov,28,332,734
Vinnie,Gilsthorpe,vgilsthorpejl@auda.org.au,27,304,270
Lotte,Lutton,lluttonjm@oracle.com,48,369,680
Baron,Avramovitz,bavramovitzjn@etsy.com,37,828,422
Courtenay,Brugmann,cbrugmannjo@independent.co.uk,32,644,775
Germaine,Bodsworth,gbodsworthjp@people.com.cn,76,565,842
Gus,Muggach,gmuggachjq@symantec.com,58,742,836
Cassandry,Bruni,cbrunijr@psu.edu,89,707,489
Anna,Gronou,agronoujs@hp.com,68,841,754
Paige,Rugge,pruggejt@elegantthemes.com,85,542,455
Poul,Tatlock,ptatlockju@google.fr,81,807,604
Webb,Hardingham,whardinghamjv@nifty.com,82,715,628
Charin,Borris,cborrisjw@yandex.ru,91,366,612
Sly,Peare,spearejx@youtube.com,59,302,727
Denny,Jenkison,djenkisonjy@seesaa.net,80,792,807
Sheree,Olenin,soleninjz@squarespace.com,78,237,822
Don,Roper,droperk0@123-reg.co.uk,8,745,358
Chen,Sneller,csnellerk1@trellian.com,94,210,607
Billy,Dragge,bdraggek2@blogs.com,57,353,282
Dalenna,Peasegood,dpeasegoodk3@hc360.com,55,599,762
Aggi,Brierley,abrierleyk4@java.com,64,626,634
Lief,Brayn,lbraynk5@soundcloud.com,93,372,580
Weber,Gildersleaves,wgildersleavesk6@hibu.com,54,647,598
Tobie,Shales,tshalesk7@cargocollective.com,10,435,643
Consalve,Farrin,cfarrink8@angelfire.com,68,792,849
L;urette,Bambra,lbambrak9@yelp.com,80,740,539
Francisco,Garnsworth,fgarnsworthka@reddit.com,91,493,403
Wang,Storm,wstormkb@people.com.cn,54,745,476
Vevay,Newing,vnewingkc@omniture.com,37,825,833
Alyce,Timson,atimsonkd@macromedia.com,1,350,514
Hillery,Jerred,hjerredke@tinypic.com,84,624,639
Audrye,Halling,ahallingkf@psu.edu,44,848,663
Sylvester,Dawbery,sdawberykg@ibm.com,32,421,610
Cecil,Goggan,cgoggankh@shutterfly.com,81,795,538
Chiquita,Comben,ccombenki@devhub.com,70,410,243
Mayer,Harrhy,mharrhykj@mediafire.com,19,512,465
Skell,Geratt,sgerattkk@technorati.com,9,828,404
Stephanie,Grzelak,sgrzelakkl@newyorker.com,93,505,648
Brose,Keoghane,bkeoghanekm@home.pl,43,271,507
Kimberli,Urien,kurienkn@live.com,8,406,309
Katee,Imison,kimisonko@ebay.co.uk,97,451,230
Karyn,Soares,ksoareskp@livejournal.com,18,218,253
Martino,Sawden,msawdenkq@mayoclinic.com,90,693,564
Alysia,Denisyev,adenisyevkr@guardian.co.uk,21,707,382
Analise,Woolvin,awoolvinks@tamu.edu,36,379,321
Gloriane,Tite,gtitekt@bluehost.com,74,355,572
King,Billyard,kbillyardku@ucla.edu,23,734,627
Griz,Janata,gjanatakv@flavors.me,71,561,798
Berni,Beadon,bbeadonkw@biglobe.ne.jp,7,631,377
Miltie,Kilbee,mkilbeekx@sciencedaily.com,9,256,430
Demetris,Beeck,dbeeckky@dot.gov,20,370,746
Myrtie,Cattow,mcattowkz@independent.co.uk,49,433,355
Rhodia,MacPhail,rmacphaill0@lulu.com,36,618,701
Karry,Mullineux,kmullineuxl1@nyu.edu,25,565,482
Reilly,Lauxmann,rlauxmannl2@shutterfly.com,11,820,762
Alvin,Vigers,avigersl3@merriam-webster.com,82,798,693
Ericha,Camel,ecamell4@cbc.ca,55,437,209
Kort,Andras,kandrasl5@addthis.com,59,462,697
Laurianne,Palfreeman,lpalfreemanl6@eventbrite.com,34,440,757
Audrey,Somerscales,asomerscalesl7@amazon.co.jp,52,461,409
Della,Hemeret,dhemeretl8@walmart.com,70,717,623
Ferd,Sibbit,fsibbitl9@jimdo.com,41,686,329
Ichabod,Canedo,icanedola@psu.edu,43,285,816
Shellie,Bulloch,sbullochlb@hc360.com,31,459,591
Saloma,Wyles,swyleslc@liveinternet.ru,11,790,249
Feliza,Naughton,fnaughtonld@pagesperso-orange.fr,70,791,313
Christian,Loud,cloudle@creativecommons.org,44,220,534
Sigfried,Goney,sgoneylf@paypal.com,5,358,815
Patrizio,Fireman,pfiremanlg@cpanel.net,12,490,803
Kimbell,Gason,kgasonlh@over-blog.com,35,799,429
Allie,Sallows,asallowsli@shareasale.com,4,409,773
Welch,Queenborough,wqueenboroughlj@wufoo.com,57,810,783
Giffer,Everit,geveritlk@mayoclinic.com,18,222,757
Pascale,MacDermot,pmacdermotll@youtube.com,35,599,304
Coop,Kenyam,ckenyamlm@businessweek.com,65,203,469
Modestia,Law,mlawln@ustream.tv,22,784,466
Yancey,Gadson,ygadsonlo@reuters.com,31,676,494
Tymothy,Savile,tsavilelp@harvard.edu,98,634,300
Katine,Kittoe,kkittoelq@posterous.com,40,793,732
Adiana,O'Carrol,aocarrollr@xinhuanet.com,16,642,566
Kimball,Rix,krixls@techcrunch.com,59,707,254
Anna-maria,Obern,aobernlt@smugmug.com,39,566,312
Michell,Millett,mmillettlu@pagesperso-orange.fr,45,212,567
Katuscha,Salman,ksalmanlv@theguardian.com,45,817,487
Nanci,Ciccottini,nciccottinilw@booking.com,49,835,459
Aurilia,Murrell,amurrelllx@live.com,14,310,465
Val,Featherstonehaugh,vfeatherstonehaughly@unc.edu,78,634,771
Rowena,Brotherhed,rbrotherhedlz@youtube.com,91,380,355
Tracee,Skarr,tskarrm0@thetimes.co.uk,27,733,655
Valentina,Selburn,vselburnm1@mapquest.com,36,821,278
Marga,Semmens,msemmensm2@redcross.org,22,719,448
Horst,Loxley,hloxleym3@webnode.com,65,422,254
Kellie,Cudmore,kcudmorem4@marriott.com,93,546,632
Doll,Porter,dporterm5@google.co.jp,86,481,481
Jerri,Chrystal,jchrystalm6@microsoft.com,49,793,322
Ailene,Medlin,amedlinm7@wsj.com,43,604,571
Carey,Gigg,cgiggm8@hubpages.com,43,390,282
Maggee,Anan,mananm9@pen.io,79,481,746
Carleen,Vela,cvelama@newyorker.com,51,835,785
Jacques,Ellum,jellummb@hhs.gov,52,791,291
Dolley,Summerskill,dsummerskillmc@epa.gov,31,247,368
Daune,Sidary,dsidarymd@e-recht24.de,82,473,830
Lauritz,Dannatt,ldannattme@com.com,20,658,310
Adelind,Northridge,anorthridgemf@cocolog-nifty.com,66,763,253
Lavinia,Lanham,llanhammg@craigslist.org,86,768,214
Dre,Blackey,dblackeymh@howstuffworks.com,9,821,793
Gilbertine,Kuhne,gkuhnemi@usgs.gov,25,227,742
Jock,Michallat,jmichallatmj@jiathis.com,65,798,438
Estevan,Phin,ephinmk@unc.edu,43,816,540
Colby,Rabbage,crabbageml@twitpic.com,74,422,836
Marna,Espinas,mespinasmm@geocities.jp,5,312,733
Sylvia,Burbudge,sburbudgemn@microsoft.com,68,504,847
Glenden,Stapleton,gstapletonmo@mysql.com,3,307,347
Noni,Eddy,neddymp@macromedia.com,42,666,653
Clem,Brotherheed,cbrotherheedmq@whitehouse.gov,16,783,386
Leda,Holson,lholsonmr@google.it,10,241,706
Cedric,Zuan,czuanms@noaa.gov,58,514,510
Zoe,Coop,zcoopmt@dailymotion.com,78,451,827
Nady,Ruthven,nruthvenmu@omniture.com,59,296,638
Arlyn,Skahill,askahillmv@friendfeed.com,86,837,452
Maude,Pitfield,mpitfieldmw@spiegel.de,67,584,488
Emmett,Jevons,ejevonsmx@technorati.com,24,390,419
Farlee,Osgood,fosgoodmy@smugmug.com,74,678,820
Cobb,Coulthard,ccoulthardmz@reddit.com,86,565,377
Lynnette,Crapper,lcrappern0@opensource.org,3,750,695
Maris,Pagden,mpagdenn1@com.com,11,389,262
Bobbi,Sedge,bsedgen2@sciencedaily.com,40,633,686
Wash,Figures,wfiguresn3@wikispaces.com,5,524,361
Basilio,Hardingham,bhardinghamn4@fotki.com,64,756,832
Gary,Hentze,ghentzen5@xinhuanet.com,67,435,569
Lauren,Clewes,lclewesn6@zdnet.com,37,570,645
Darin,Wiseman,dwisemann7@addtoany.com,18,795,318
Theresita,Wright,twrightn8@reddit.com,85,419,407
Pasquale,Vidineev,pvidineevn9@google.co.uk,68,800,545
Rudolph,Doodson,rdoodsonna@elpais.com,77,226,460
Malchy,Fone,mfonenb@jigsy.com,29,673,719
Adaline,Noen,anoennc@marketwatch.com,91,669,748
Chrissy,Feedham,cfeedhamnd@princeton.edu,36,661,311
Dino,Grundon,dgrundonne@businessinsider.com,38,771,267
Rice,Matyas,rmatyasnf@blogtalkradio.com,6,788,698
Felipe,Sturch,fsturchng@yahoo.co.jp,51,292,215
Vida,Polhill,vpolhillnh@google.it,17,671,648
Sandye,McGee,smcgeeni@arizona.edu,100,843,850
Lanni,Wytchard,lwytchardnj@dot.gov,68,259,826
Farley,Farmery,ffarmerynk@bandcamp.com,62,744,774
Haven,Moloney,hmoloneynl@nasa.gov,35,673,606
Minny,Creed,mcreednm@biglobe.ne.jp,93,720,496
Victor,MacChaell,vmacchaellnn@nhs.uk,31,550,293
Ban,Kyngdon,bkyngdonno@mozilla.com,22,213,265
Verna,Buttress,vbuttressnp@engadget.com,91,471,373
Nancy,Kornilyev,nkornilyevnq@hatena.ne.jp,62,436,628
Borden,Rantoull,brantoullnr@rediff.com,11,570,370
Danya,Scholl,dschollns@usda.gov,97,252,319
Manon,Salthouse,msalthousent@gravatar.com,28,784,280
Myriam,Casswell,mcasswellnu@buzzfeed.com,6,844,430
Rollo,Huckfield,rhuckfieldnv@yandex.ru,33,205,565
Nikki,Rosone,nrosonenw@toplist.cz,19,379,250
Kippy,Oldknowe,koldknowenx@homestead.com,81,828,789
Niall,Dunkerley,ndunkerleyny@nytimes.com,83,838,429
Gertrude,Rawlins,grawlinsnz@devhub.com,19,523,550
Caron,Asche,cascheo0@artisteer.com,57,486,234
Ana,Spall,aspallo1@google.co.uk,59,264,787
Edouard,Mulqueeny,emulqueenyo2@ed.gov,91,408,344
George,Standbrook,gstandbrooko3@comcast.net,23,374,684
Jenilee,Spurge,jspurgeo4@meetup.com,57,384,265
Gib,Napper,gnappero5@hao123.com,71,245,499
Arabella,d' Elboux,adelbouxo6@npr.org,70,688,692
Donnell,Bonicelli,dbonicellio7@hostgator.com,77,603,775
Ileana,Lissandri,ilissandrio8@google.com.hk,11,506,561
Adelaida,Shellcross,ashellcrosso9@ameblo.jp,20,781,788
Errick,Sutherington,esutheringtonoa@squidoo.com,55,452,442
Lexine,Rochelle,lrochelleob@webmd.com,92,615,834
Imojean,Corroyer,icorroyeroc@blogtalkradio.com,85,742,209
Tony,Rodda,troddaod@squarespace.com,94,393,423
Ginny,Clardge,gclardgeoe@miibeian.gov.cn,78,490,722
Carlene,Grahame,cgrahameof@time.com,40,650,559
Georgia,Scinelli,gscinelliog@google.com.au,99,827,546
Celestia,McGing,cmcgingoh@unc.edu,51,330,649
Alyda,Petken,apetkenoi@hc360.com,17,207,437
Lucinda,Vaggs,lvaggsoj@howstuffworks.com,28,575,779
Walsh,Klas,wklasok@seattletimes.com,18,270,679
Arne,Heinke,aheinkeol@wordpress.org,4,597,333
Sandi,Tebbs,stebbsom@usgs.gov,27,425,459
Kippie,Scullin,kscullinon@soup.io,64,614,445
Noach,Willment,nwillmentoo@i2i.jp,14,686,270
Wenonah,Zottoli,wzottoliop@umich.edu,5,480,499
Nickie,Kidby,nkidbyoq@zimbio.com,40,264,629
Ladonna,Macias,lmaciasor@psu.edu,50,262,782
Bernadina,Ropartz,bropartzos@paypal.com,7,737,719
Tandi,Clougher,tclougherot@usnews.com,58,383,634
Nonie,Reggio,nreggioou@intel.com,51,677,525
Fanchette,McNysche,fmcnyscheov@xing.com,90,322,450
Paten,Whale,pwhaleow@nbcnews.com,92,286,848
Marje,Darth,mdarthox@cafepress.com,33,257,662
Justinian,Mixworthy,jmixworthyoy@seesaa.net,60,833,230
Emyle,Berens,eberensoz@psu.edu,40,472,302
Kirstin,Fitt,kfittp0@forbes.com,7,814,813
Lombard,Brewins,lbrewinsp1@exblog.jp,91,691,663
Keelia,Cattermole,kcattermolep2@booking.com,79,254,685
Austin,Dashper,adashperp3@princeton.edu,66,283,267
Verile,Batram,vbatramp4@eventbrite.com,10,201,767
Vinnie,Hothersall,vhothersallp5@jigsy.com,39,482,468
Noelani,Kynsey,nkynseyp6@vistaprint.com,8,784,320
Teodor,Fucher,tfucherp7@linkedin.com,27,515,215
Kennith,Greve,kgrevep8@arizona.edu,18,501,374
Orelee,Dufour,odufourp9@sitemeter.com,36,740,394
Ketti,Pickerell,kpickerellpa@cbsnews.com,25,332,279
Emelia,Alexsandrov,ealexsandrovpb@ft.com,13,729,812
Desmund,Fouch,dfouchpc@cnet.com,94,593,629
Justen,Risdale,jrisdalepd@redcross.org,12,529,255
Elfie,Fridaye,efridayepe@wix.com,99,408,661
Jacki,Hamlington,jhamlingtonpf@godaddy.com,72,399,230
Reed,Spennock,rspennockpg@usda.gov,66,721,741
Rosalia,Geffe,rgeffeph@free.fr,50,352,683
Allyson,Kanzler,akanzlerpi@yelp.com,16,677,688
Patience,Samme,psammepj@angelfire.com,58,238,834
Milka,Tomes,mtomespk@hibu.com,3,428,363
Alysa,Wais,awaispl@blogtalkradio.com,39,308,756
Berk,Aylmore,baylmorepm@utexas.edu,99,589,420
Pammie,Boon,pboonpn@furl.net,96,304,500
Mariam,Roselli,mrosellipo@xinhuanet.com,3,397,342
Craggy,Huertas,chuertaspp@dell.com,24,807,714
Brooks,De La Salle,bdelasallepq@xrea.com,65,591,352
Jeromy,Hayle,jhaylepr@zdnet.com,50,662,696
Mehetabel,Fevers,mfeversps@twitpic.com,27,362,531
Lenna,Brimham,lbrimhampt@typepad.com,48,572,378
Ernst,Laborda,elabordapu@dagondesign.com,20,434,468
Malissia,Yakunkin,myakunkinpv@cmu.edu,16,730,736
Ozzy,Skase,oskasepw@g.co,79,442,526
Violet,Cushe,vcushepx@behance.net,54,763,281
Shannan,Hardiker,shardikerpy@blogger.com,39,484,271
Odessa,Barlass,obarlasspz@tripadvisor.com,96,676,351
Tiffi,Willicott,twillicottq0@springer.com,19,642,736
Reuven,Gallen,rgallenq1@amazon.co.uk,16,443,271
Demott,Flitcroft,dflitcroftq2@ucoz.com,89,495,425
Lalo,Perham,lperhamq3@aboutads.info,74,476,369
Larine,Staning,lstaningq4@mac.com,75,273,651
Darin,Ventum,dventumq5@oracle.com,84,575,370
Whittaker,Fass,wfassq6@vkontakte.ru,66,567,247
Mei,Escudier,mescudierq7@sourceforge.net,3,758,608
Donella,O'Cuddie,docuddieq8@surveymonkey.com,5,616,350
Ally,Lindenman,alindenmanq9@state.gov,85,496,361
Lynnett,Vesco,lvescoqa@ftc.gov,34,586,618
Torey,Mullinder,tmullinderqb@nba.com,46,348,687
Wernher,Adamiak,wadamiakqc@admin.ch,20,321,595
Joannes,Westgarth,jwestgarthqd@icq.com,37,623,795
Elvyn,Kingaby,ekingabyqe@blogger.com,27,367,670
Erastus,Gatsby,egatsbyqf@cargocollective.com,78,769,272
Adolf,Franseco,afransecoqg@com.com,81,221,652
Nerty,Pennino,npenninoqh@sogou.com,57,726,348
Renaldo,Fairs,rfairsqi@tinyurl.com,23,284,591
Ancell,Batch,abatchqj@indiegogo.com,29,613,490
Maurise,Trineman,mtrinemanqk@foxnews.com,90,397,790
Wallis,Clarey,wclareyql@wordpress.com,20,849,385
Freddy,Reardon,freardonqm@arstechnica.com,18,327,200
Kristyn,Housecroft,khousecroftqn@mapy.cz,71,806,595
Konstantin,McCarty,kmccartyqo@php.net,67,610,767
Elly,Mavin,emavinqp@php.net,72,439,770
Thalia,Keedy,tkeedyqq@businessinsider.com,93,433,219
Fields,Heersma,fheersmaqr@nsw.gov.au,65,206,692
Shaylah,D'Ugo,sdugoqs@google.com.br,50,361,605
Virginia,Meechan,vmeechanqt@uol.com.br,84,748,430
Luis,Jorden,ljordenqu@accuweather.com,85,678,451
Joellen,Joiris,jjoirisqv@simplemachines.org,54,710,249
Wilburt,Swires,wswiresqw@devhub.com,4,718,490
Tandy,Dee,tdeeqx@nytimes.com,10,453,625
Bertrand,Kmieciak,bkmieciakqy@tiny.cc,39,257,753
Hilde,Boddymead,hboddymeadqz@virginia.edu,76,587,393
Mano,Peert,mpeertr0@cbsnews.com,37,385,425
Benedicto,Kellick,bkellickr1@pen.io,76,783,571
Stephan,Constanza,sconstanzar2@unblog.fr,96,407,817
Opalina,Mulcock,omulcockr3@desdev.cn,92,231,594
Mela,Kamena,mkamenar4@aol.com,45,372,216
Darleen,Roskams,droskamsr5@booking.com,80,392,792
Batholomew,Shoveller,bshovellerr6@hatena.ne.jp,80,245,629
Lancelot,Poolton,lpooltonr7@un.org,99,209,666
Jeannie,Suttaby,jsuttabyr8@surveymonkey.com,47,730,770
Benni,Stribling,bstriblingr9@infoseek.co.jp,60,223,396
Robbie,Salvati,rsalvatira@dagondesign.com,33,297,731
Dionysus,Braywood,dbraywoodrb@posterous.com,39,366,559
Ofilia,Dumphry,odumphryrc@joomla.org,1,706,463
Gustavus,Emanuelli,gemanuellird@usatoday.com,1,545,510
Shelagh,Stood,sstoodre@prnewswire.com,50,429,245
Hallsy,Autie,hautierf@amazon.de,67,841,639
Jeffie,Hargie,jhargierg@taobao.com,32,579,208
Adelaide,Cyples,acyplesrh@house.gov,76,721,445
Babette,Parlor,bparlorri@imageshack.us,70,513,711
Peyton,Hurling,phurlingrj@wikia.com,12,313,247
Seline,Thurlby,sthurlbyrk@mayoclinic.com,26,799,658
Rana,Jeram,rjeramrl@hatena.ne.jp,90,251,419
Bat,Chaikovski,bchaikovskirm@ox.ac.uk,100,366,640
Emelda,Le Friec,elefriecrn@intel.com,69,600,406
Kaia,Berriman,kberrimanro@bravesites.com,64,374,722
Carrol,Lantiff,clantiffrp@flavors.me,99,271,648
Dalston,Tomanek,dtomanekrq@huffingtonpost.com,49,466,200
Imogene,Auston,iaustonrr@timesonline.co.uk,28,648,785
